cls001|Pasensya na po ulit sa naging abala kanina, salamat sa pag-unawa ninyo.
cls002|We apologize again for the slight delay during our call today.
cls003|Sorry po kung medyo natagalan ang pag-process natin ng inyong order.
cls004|Paumanhin po sa anumang pagkukulang, asahan ninyong pagbubutihin pa namin ito.
cls005|I am truly sorry for the inconvenience, but thank you for ordering.
cls006|Wag po kayong mag-alala, babantayan ko mismo ang inyong order hanggang dumating.
cls007|Rest assured that your package will be delivered safely right to your doorstep.
cls008|Sigurado pong matatanggap ninyo nang maayos ang lahat ng inyong binili ngayon.
cls009|I assure you that everything is completely finalized and ready for dispatch.
cls010|Makakaasa po kayong maipapadala agad namin ito bukas na bukas din.
cls011|Babasahin ko lang po ulit ang inyong order para makasiguro tayo.
cls012|Let me read back ang inyong complete delivery details bago tayo mag-end.
cls013|Uulitin ko po, dalawang malaking t-shirt na kulay itim ang inyong kinuha.
cls014|I-confirm ko lang po ang inyong address, ito ay sa quezon city.
cls015|Paki-check po ang inyong telepono mamaya para sa official text ng courier.
cls016|Your final total is exactly one thousand two hundred fifty pesos today.
cls017|Isasara ko na po ang transaction natin para sa araw na ito.
cls018|Ipapasok ko na po ang mga detalye ninyo sa aming system ngayon.
cls019|Please expect a confirmation email containing your digital receipt later this afternoon.
cls020|Bale pito po lahat ang items na ipadadala namin sa inyong bahay.
cls021|Kumpirmahin po natin ang inyong pangalan at contact number bago ibaba ang linya.
cls022|Naka-record na po ang inyong request kaya wala na po kayong gagawin.
cls023|I will process the invoice pagkatapos na pagkatapos ng ating pag-uusap ngayon.
cls024|Three hundred po ang inyong sukli na ibibigay ng rider bukas.
cls025|Hanggang dito na lang po muna ang ating pag-uusap tungkol sa order ninyo.
cls026|Nakuha ko na po ang lahat ng kailangan kong impormasyon mula sa inyo.
cls027|Thank you for providing all the necessary information for your account update.
cls028|Hintayin niyo na lang po ang pagtawag ng aming dispatch team mamaya.
cls029|Two thousand five hundred pesos po ang total ng inyong bibilhin.
cls030|We will keep your personal details strictly confidential dito sa aming database.
cls031|Pwede na po nating i-finalize ang inyong payment para maka-usad na tayo.
cls032|Iche-check po muna nila nang maigi ang bawat item bago tuluyang ipasok sa kahon.
cls033|Once the system validates your request, ia-arrange na po namin ang pickup.
cls034|Kung wala na po kayong idadagdag, ipa-process ko na po ito agad.
cls035|Mangyaring itago ang inyong reference number para sa mga susunod ninyong transaksyon.
cls036|I will now submit your completed order form diretso sa aming warehouse.
cls037|Ilalagay ko na po ito sa listahan ng mga ipapadala natin sa lingo.
cls038|Paki-ready na lang po ang bayad ninyo kapag dumating na ang rider.
cls039|Your purchase is now completely logged sa aming main inventory tracking system.
cls040|Titignan po ng aming supervisor ang inyong form bago nila ito pirmahan.
cls041|Ang resibo po ninyo ay ipapadala kasama ng mismong package sa kahon.
cls042|We have successfully updated your shipping preferences para sa inyong future orders.
cls043|Bukas po nang umaga namin sisimulan ang pagbalot ng inyong mga gamit.
cls044|Tatawag po ulit kami kapag kailangan pa namin ng karagdagang impormasyon mula sa inyo.
cls045|If you have no further questions, we can end the call right here.
cls046|Maraming salamat po sa inyong tiwala at pag-order sa aming shop ngayon!
cls047|Thank you so much for choosing our store for your shopping today!
cls048|Yay, confirmed na po ang inyong order at ready na for shipping!
cls049|Magandang araw po at maraming salamat sa inyong walang sawang pagtangkilik sa amin!
cls050|Have a wonderful day ahead and thank you for calling us today!
cls051|Sige po, asahan niyo pong darating iyan sa lalong madaling panahon!
cls052|Perfect! Naka-secure na po ang inyong items and ready for immediate dispatch!
cls053|Maraming salamat po, mag-iingat po kayo palagi at magandang hapon sa inyo!
cls054|We look forward to serving you again very soon, have a great afternoon!
cls055|Yehey, pasok na po sa system natin ang inyong napakagandang purchase today!
cls056|Maraming salamat sa masayang pag-uusap natin, hanggang sa muli nating pagkikita!
cls057|Thank you for your wonderful patience, your order is now fully confirmed!
cls058|Sige po, ibababa ko na ang linya, enjoy the rest of your day!
cls059|You made a fantastic choice today, salamat po sa pag-trust sa amin!
cls060|Salamat po sa masiglang kwentuhan, aasikasuhin ko na po ang inyong package!
cls061|Walang anuman po, isang malaking karangalan ang paglingkuran kayo ngayong araw na ito!
cls062|Have a safe and happy weekend, thank you for calling our hotline!
cls063|Ayan, okay na po lahat, maraming salamat ulit at bye bye po!
cls064|We truly appreciate your business, please take care at goodbye for now!
cls065|Maraming salamat po, excited na akong matanggap ninyo ang inyong napiling item!
cls066|Lubos po kaming nagpapasalamat sa inyong pagbili, magandang araw po sa inyo!
cls067|It was a pleasure speaking with you, have a highly productive day ahead!
cls068|Sige po, maraming salamat sa time niyo at ingat po palagi sa byahe!
cls069|Thank you for being such a kind and wonderful customer to us today!
cls070|Na-process na po natin nang maayos, salamat po sa inyong tiwala at suporta!
cls071|Kagalakan po naming matulungan kayo, nawa ay maging maganda ang inyong buong linggo!
cls072|Thank you for reaching out, sana magustuhan niyo po ang bagong item!
cls073|Done na po tayo, maraming salamat at have a very nice day po!
cls074|You are all set, thank you for allowing me to assist you today!
cls075|Maraming salamat po sa pag-order, siguradong magugustuhan niyo po ang item na ito!
cls076|Taos puso po kaming nagpapasalamat, pagpalain po nawa kayo ng ating maykapal ngayon!
cls077|I am so glad we could quickly resolve everything for you right now!
cls078|Okay na po, maraming salamat at sana makapag-order po kayo ulit sa amin!
cls079|Thank you for your continued loyalty, nandito lang kami palagi para tumulong!
cls080|Maraming salamat po, looking forward na matanggap niyo ang order niyo this week!
cls081|Isang masayang araw po sa inyo at maraming salamat sa pagtawag sa amin!
cls082|We highly value your feedback and thank you for taking the time today!
cls083|Sige po, i-pack na namin ito agad-agad para mabilis pong dumating sa inyo!
cls084|Please enjoy your brand new purchase, have a beautiful and relaxing day!
cls085|Maraming salamat po sa inyong pang-unawa at pasensya, ingat po kayo palagi diyan!
cls086|Maraming salamat sa napakagandang transaksyon natin, nawa ay masiyahan kayo sa inyong binili!
cls087|Thank you for letting me handle your request, take care and bye now!
cls088|Sige po, babye na po at maraming salamat sa pagpili sa aming shop!
cls089|We sincerely hope to hear from you again soon, have a great night!
cls090|Salamat po sa masayang chikahan natin habang pino-process ko ang inyong order ngayon!
cls091|Malugod po kaming nagpapasalamat sa inyong pagtangkilik, hanggang sa muli nating pag-uusap bukas!
cls092|Thank you very much, your order is officially the highlight of my day!
cls093|Okay na okay na po lahat, maraming salamat at mag-ingat po kayo palagi!
cls094|Enjoy the rest of your week and thank you for trusting our team!
cls095|Sige po sir, maraming salamat po talaga at have a wonderful day ahead!
cls096|Maraming salamat po sa napakabilis ninyong pagtugon, isang magandang hapon po sa inyo!
cls097|It was absolutely wonderful assisting you today, goodbye and please stay safe always!
cls098|Maraming salamat po sa napakalaking order ninyo, ipapasa ko na po sa warehouse!
cls099|I am extremely happy to help you process this transaction, have fun today!
cls100|Sige po, thank you so much again, babye at mag-ingat po kayo palagi!
dlv001|Pasensya na po, medyo na-delay ang rider natin dahil sa malakas na ulan.
dlv002|I sincerely apologize, but provincial shipments take a bit longer this week.
dlv003|Sorry po talaga, hindi umabot sa cut off ang order niyo kahapon.
dlv004|Paumanhin po kung hindi agad na-update ang tracking system ng ating courier.
dlv005|We are very sorry for the unexpected delay in our delivery schedule today.
dlv006|Naku, pasensya na po at nagka-aberya sa sorting center kaninang madaling araw.
dlv007|Sorry po, hindi kasi nahanap ng rider yung mismong address ninyo kanina.
dlv008|I apologize for the inconvenience, your package was routed to the wrong hub.
dlv009|Patawad po dahil medyo natagalan ang pagbalot namin sa inyong mga binili.
dlv010|Sorry to say, but we cannot deliver to that specific area right now.
dlv011|Pasensya na po, nasira daw po ang sasakyan ng aming delivery team.
dlv012|We apologize that your order did not arrive on the promised date.
dlv013|Sorry po talaga, out of coverage area po ang location na binigay ninyo.
dlv014|Paumanhin po, ngunit kailangan po nating i-reschedule ang delivery para bukas ng hapon.
dlv015|I am extremely sorry, but the courier returned the parcel to our warehouse.
dlv016|Wag po kayong mag-alala, tatawag muna ang rider bago siya pumunta diyan.
dlv017|Rest assured that your package is safely secured inside our bubble wrap.
dlv018|Makakaasa po kayong ipapadala namin agad ang replacement parcel ninyo bukas.
dlv019|I will personally track this shipment until it reaches your front door.
dlv020|Huwag pong mabahala, sigurado pong darating ang order ninyo bago mag-weekend.
dlv021|We guarantee that your items will arrive in perfect condition without any damage.
dlv022|Safe po ang inyong package, binantayan ko po mismo ang pag-pack nito.
dlv023|I-a-update ko po kayo palagi kung nasaan na ang inyong order.
dlv024|Please do not worry, I already expedited the shipping for this order.
dlv025|Sigurado pong tatawag ang logistics team kapag malapit na sila sa bahay ninyo.
dlv026|Sagot na po namin ang shipping fee kung sakaling magka-problema ulit sa courier.
dlv027|The dispatch team is doing everything they can to deliver it today.
dlv028|Wag po kayong mag-alala, babalik ang rider bukas kung wala kayo ngayon.
dlv029|Nandito lang po kami para asikasuhin ang inyong delivery kung may aberya.
dlv030|I promise to closely monitor the tracking number for you this entire week.
dlv031|Good news po, na-pick up na ng courier ang inyong package kanina!
dlv032|Your item is already out for delivery and will arrive very soon!
dlv033|Yehey, pasok po ang order ninyo para sa aming free shipping promo!
dlv034|Bukas na bukas din po ay matatanggap niyo na ang inyong parcel!
dlv035|The driver will arrive at your address in less than thirty minutes!
dlv036|Sakto po ang dating ninyo, ipapadala na namin ito mamayang hapon mismo!
dlv037|We upgraded your delivery to express shipping for absolutely no extra cost!
dlv038|Ang galing, naka-abot pa po tayo sa cut off time ng courier ngayon!
dlv039|Yes po, pwede niyo nang kunin ang item sa aming pick up point.
dlv040|Our delivery partner successfully dropped off the package at your front gate!
dlv041|Sulit na sulit po kasi libre na ang delivery papunta sa inyo!
dlv042|Wow, ang bilis pong dumating ng parcel ninyo, nandiyan na raw agad!
dlv043|You will receive a text message once the rider is nearby today!
dlv044|Pwede po nating ipadala agad ito via lalamove kung nagmamadali po kayo.
dlv045|Handa na po ang inyong package at naghihintay na lang sa rider!
dlv046|The shipping fee is completely waived since you are a loyal customer!
dlv047|Naku, malapit na malapit na po yung rider sa mismong bahay ninyo!
dlv048|Madali lang po hanapin ang address ninyo kaya mabilis po itong makakarating.
dlv049|The local courier just confirmed that your order is on the way!
dlv050|Aasikasuhin ko po agad para maipadala natin ang order ninyo mamayang gabi.
dlv051|Saktong-sakto po, may parating na rider dito kaya isasabay na namin ito!
dlv052|We are happy to inform you that your box is ready for dispatch!
dlv053|Oo naman po, pwede kayong mag-request ng same day delivery para mabilis!
dlv054|Kumpleto na po ang details kaya ipapasa ko na agad sa logistics team.
dlv055|Your special package has officially left our warehouse and is traveling to you!
dlv056|Pwede ko po bang makuha ang kumpletong address para sa ating delivery?
dlv057|Kindly provide your exact house number and street name for the rider.
dlv058|Magkano po ang karaniwang shipping fee papunta sa inyong probinsya?
dlv059|Kadalasan po ay inaabot ng tatlong araw bago makarating sa inyo.
dlv060|We will send you the tracking link through text message later today.
dlv061|May landmark po ba tayo malapit sa bahay ninyo para madaling mahanap?
dlv062|Provincial deliveries usually take about five to seven business days to arrive.
dlv063|Ang courier po natin para sa order na ito ay j and t.
dlv064|I-track niyo na lang po sa website nila gamit ang reference number.
dlv065|The estimated delivery date is on thursday next week in the afternoon.
dlv066|Pwede po ninyong piliin kung kailan ninyo gustong matanggap ang inyong package.
dlv067|Kapag sa metro manila lang po, kinabukasan ay nandiyan na agad ito.
dlv068|The delivery fee varies depending on the total weight of your items.
dlv069|Gusto niyo po ba ng door to door delivery o branch pick up?
dlv070|Pakisabi na lang po sa rider kung saan ninyo gustong iwan ang box.
dlv071|We partnered with lbc to ensure faster shipping to the visayas region.
dlv072|Kayo po ang magbabayad ng shipping fee direkta sa mismong lalamove rider.
dlv073|Araw-araw po kaming nagpapadala ng packages tuwing four PM.
dlv074|Please make sure someone is at home to receive the package tomorrow.
dlv075|Kung gusto niyo po, sa opisina ninyo na lang namin ito ipapadala.
dlv076|Iche-check ko po sa system kung nasaan na ang inyong order ngayon.
dlv077|It looks like your parcel is still stuck at the central sorting hub.
dlv078|Iiwan na lang daw po ng rider sa guard house ang inyong parcel.
dlv079|Dalawang beses po magtatangkang mag-deliver ang courier bago ibalik sa amin.
dlv080|We highly recommend standard shipping if you are not in a rush.
dlv081|May dagdag pong singil ang courier kapag out of town ang inyong address.
dlv082|Pwede rin po kayong gumamit ng grab express para mas mabilis makarating.
dlv083|Ibabalot po namin ito nang maayos para hindi masira sa mahabang byahe.
dlv084|The courier will contact you directly using the phone number you provided.
dlv085|Nakadepende po ang oras ng dating sa ruta ng mismong delivery rider.
dlv086|Sa lingo po ay walang byahe ang aming logistics partner.
dlv087|All weekend orders will be processed and shipped out on monday morning.
dlv088|Paki-check po ang inyong email para sa kumpirmasyon ng inyong tracking number.
dlv089|Kapag bumagyo po, asahan po natin na may kaunting delay sa byahe.
dlv090|The local branch will handle the final leg of the delivery process.
dlv091|Maaari po ninyong bayaran ang shipping fee pagdating ng rider diyan.
dlv092|I-update po namin ang status ng order sa aming app mamayang gabi.
dlv093|Ilang kilometro po ang layo ng bahay ninyo mula sa main highway?
dlv094|We process all provincial shipments differently from the metro manila orders today.
dlv095|Ipapaubaya po natin sa courier ang pag-schedule ng mismong araw ng delivery.
dlv096|Ang bayad po sa shipping ay depende sa laki ng mismong kahon.
dlv097|Do you want us to leave the package with your next door neighbor?
dlv098|Papunta na po ang package sa pinakamalapit na hub sa inyong lugar.
dlv099|Kailangan po ng pirma ninyo bago ibigay ng rider ang inyong item.
dlv100|The dispatch center is located right beside our main warehouse building.
dlv101|Kung wala po kayo sa bahay, pwede pong mag-iwan ng authorization letter.
dlv102|Ipapadala ko po sa messenger ang screenshot ng resibo mula sa courier.
dlv103|Pwede po natin ipa-pick up sa branch kung mas pabor po sa inyo.
dlv104|You can choose your preferred delivery time slot during the checkout process.
dlv105|Ang huling update po sa system ay nasa transit pa rin ang parcel.
dlv106|Saang barangay po eksakto ang inyong lokasyon para ma-pin natin nang maayos?
dlv107|Mula po dito, ibabyahe po iyan ng courier papunta sa norte.
dlv108|The default shipping method will take around three to four working days.
dlv109|Paki-double check po ang zip code para hindi magkamali ng ruta ang rider.
dlv110|Ipapalagay ko po sa kahon na fragile para mas mag-ingat ang magdedeliver.
dlv111|Aabisuhan po kayo ng rider kapag malapit na siya sa inyong kanto.
dlv112|The shipping timeline begins the day after your payment is fully verified.
dlv113|Sisingilin po kayo ng dagdag kung ipapabago ninyo ang address on the day.
dlv114|Ise-separate po ang dalawang items dahil hindi sila kasya sa iisang pouch.
dlv115|Ang cut off po natin para ma-ship ngayon ay three PM.
dlv116|Please verify if the delivery address entered on your account is correct.
dlv117|Hintayin niyo na lang po ang text ni shopee tungkol sa delivery ninyo.
dlv118|Isang araw lang po ang inaabot kapag sa loob lang ng siyudad.
dlv119|Ang byahe po ng barko ay tuwing biyernes lamang para sa probinsya ninyo.
dlv120|We cannot process deliveries to post office boxes at this current time.
dlv121|Mag-iwan na lang po kayo ng pambayad sa inyong kasama sa bahay bukas.
dlv122|Kailangan po natin ng malinaw na landmark para hindi maligaw ang driver.
dlv123|Hihingi po ako ng update sa aming logistics team mamayang hapon.
dlv124|International shipping takes up to two weeks depending on the customs clearance.
dlv125|Iche-check ko po kung nakasakay na ang inyong package sa delivery van.
dlv126|Wala po tayong magagawa sa delay kung ang problema ay sa courier mismong.
dlv127|Bukas po ang aming opisina para sa mga gustong mag-pick up ng order.
dlv128|Your shipping address must exactly match your billing address to prevent fraud.
dlv129|Ipapadala po natin sa lbc para mas sigurado kayong makakarating nang ligtas.
dlv130|Bago po natin ipa-book, paki-confirm muna ang eksaktong sukat ng inyong kahon.
dlv131|Pwede pong ma-track ang order gamit ang aming official mobile application.
dlv132|You might experience a slight delay due to the upcoming national holiday.
dlv133|Babalik po ang rider kapag hindi niya kayo na-contact kaninang umaga.
dlv134|Hati po kayo sa shipping fee kung dalawa ang nag-order sa iisang bahay.
dlv135|Ang pinakamalapit po na branch sa inyo ay nasa kabilang kanto lang.
dlv136|Deliveries are usually scheduled between eight in the morning and five afternoon.
dlv137|Nakadepende po sa traffic ang eksaktong oras ng pagdating ng inyong gamit.
dlv138|Kasama po ba sa loob ng subdivision ang address na binigay ninyo?
dlv139|Magpapabigay na lang po ako ng instructions sa rider kung paano makapasok.
dlv140|A valid identification card is required when claiming your package from them.
dlv141|Isasama ko po ang mapa ng inyong bahay para hindi sila maligaw.
dlv142|Siguraduhin po ninyong may tao sa bahay para matanggap ang inyong order.
dlv143|Yung delivery partner po natin ang magti-text sa inyo ng eksaktong amount.
dlv144|Our shipping rates are strictly based on the standard courier pricing matrix.
dlv145|Papunta na po ang aming sariling driver para ihatid ang inyong binili.
dlv146|Ang bayad po para sa return shipping ay sagutin na ng customer.
dlv147|Dadaan po muna sa main hub ang inyong package bago pumunta diyan.
dlv148|Please allow twenty four hours for the tracking system to fully update.
dlv149|Kapag umulan po nang malakas, ititigil muna ng rider ang pag-deliver niya.
dlv150|Pwede po ninyong tawagan ang numero ng driver kapag nandiyan na siya.
eng001|Good morning and thank you for calling, my name is Sarah speaking.
eng002|How may I assist you with your order details today?
eng003|Please hold the line for a moment while I check our system.
eng004|Thank you for waiting, I have successfully retrieved your account records.
eng005|I am so sorry to inform you that the item is out of stock.
eng006|We expect a new shipment to arrive by Monday morning.
eng007|Yes, we have plenty of available inventory in the medium size.
eng008|The total price comes out to exactly one thousand five hundred pesos.
eng009|You can save twenty percent if you purchase the bundle package today.
eng010|We offer free shipping for all orders above five thousand pesos.
eng011|Your package will be delivered right to your front door tomorrow.
eng012|The delivery rider will send you a text message before arriving.
eng013|We accept payments through GCash, bank transfer, and cash on delivery.
eng014|Please send a screenshot of your payment receipt to our email.
eng015|I completely understand your concern regarding the price of this product.
eng016|Rest assured that our items are made from premium quality materials.
eng017|Take all the time you need to think about your purchase.
eng018|Let me read back your complete delivery address to ensure accuracy.
eng019|Your order has been confirmed and is ready for dispatch now.
eng020|Thank you for shopping with us today, have a wonderful afternoon ahead.
eng021|Hello, thank you for reaching out to our customer support hotline.
eng022|May I please have your full name and your reference number?
eng023|I will transfer your call to our logistics department right now.
eng024|Unfortunately, that specific color variant has been discontinued by the supplier.
eng025|We can suggest an alternative model that offers similar powerful features.
eng026|Our records show that we have exactly five pieces remaining left.
eng027|The standard shipping fee is one hundred pesos within Metro Manila.
eng028|Provincial deliveries usually take about three to five business days.
eng029|Please ensure someone is at home to receive the package tomorrow.
eng030|We require a fifty percent downpayment before starting your custom order.
eng031|Your refund request has been successfully processed by our finance department.
eng032|I apologize for the brief disconnection on our phone line earlier.
eng033|Do not worry, I will personally monitor your shipment until arrival.
eng034|Feel free to compare our prices with other stores in town.
eng035|We stand completely behind the durability and quality of our items.
eng036|Let me know if you need any further assistance with anything else.
eng037|We appreciate your patience while we investigated the system error today.
eng038|Our business hours are from eight AM until five PM daily.
eng039|You can reach us at zero nine one seven, three four five, six seven eight nine.
eng040|Thank you for being a valued customer of our small business.
eng041|Good afternoon, welcome back to our online store service center.
eng042|Could you please spell out your last name for our records?
eng043|I am checking the warehouse inventory for that particular size now.
eng044|We apologize for any inconvenience caused by the unexpected shipping delay.
eng045|The upgraded version includes a one year official manufacturer warranty.
eng046|That item is currently on sale for nine hundred ninety pesos.
eng047|Express delivery option is available for an additional small service fee.
eng048|Please verify that your delivery address details entered online are correct.
eng049|Our payment gateway is fully secured to protect your financial information.
eng050|I am following up on your pending inquiry from yesterday afternoon.
eng051|Would you like me to reserve one unit for you today?
eng052|Rest assured that your feedback helps us improve our daily operations.
eng053|Have a wonderful weekend ahead and stay safe wherever you go.
eng054|Hello, thank you for calling back to finalize your pending transaction.
eng055|Please allow me two minutes to generate your official sales invoice.
eng056|We sincerely apologize for the incorrect item delivered to your house.
eng057|We will arrange a free replacement package pickup by tomorrow morning.
eng058|Your tracking number will be sent via text message very shortly.
eng059|Please let us know if you need recommendations for similar products.
eng060|Thank you for choosing our services, goodbye and have a great day.
fup001|Napag-isipan niyo na po ba yung tungkol sa inalok ko sa inyong item?
fup002|Hello po, nagbabasakali lang kung kailangan niyo pa rin yung kinowt namin kanina.
fup003|Just following up on your previous inquiry regarding our best selling product variants.
fup004|Kumusta po ang naging experience ninyo sa binili ninyong item noong nakaraang linggo?
fup005|Naalala ko po na sabi niyo tatawag kayo ngayong araw para sa desisyon niyo.
fup006|We wanted to check if you have any questions about the quotation sent earlier.
fup007|Magandang araw po! Nais ko lang i-follow up yung status ng inyong pending order.
fup008|Baka po gusto ninyong ituloy na ang pag-order habang mayroon pa kaming stock.
fup009|Checking in to see if you need any further assistance with your recent purchase.
fup010|Tumatawag po ako para i-reschedule ang ating napag-usapang delivery date kahapon.
fup011|Na-receive ko po ang miss call ninyo kaya narito ako para tumawag pabalik.
fup012|I am calling back to give you the exact details you requested yesterday afternoon.
fup013|Sabi niyo po kasi ay tatawag kayo mamaya para sa kumpirmasyon ng address.
fup014|Nais ko lang po kamustahin kung nakuha na ninyo nang maayos ang inyong package.
fup015|Following up on the payment proof you promised to send us this morning.
fup016|Kung busy po kayo ngayon, kailan ko po kayo pwedeng tawagan ulit para i-follow up?
fup017|Mag-iiwan lang po ako ng mensahe dahil mukhang hindi po kayo available ngayon.
fup018|Please let me know if you would like me to call back at a better time.
fup019|Susubukan ko po kayong tawagan ulit bukas ng umaga para sa inyong desisyon.
fup020|I will leave a message with your colleague regarding our pending business proposal.
fup021|Magpapadala na lang po ako ng text message sakaling hindi ko kayo maabutang online.
fup022|Pasensya na po kung nakakaistorbo ako sa inyong trabaho sa ganitong oras ngayon.
fup023|I sincerely apologize for missing your call earlier while I was in a meeting.
fup024|Sorry po kung napilitan akong tawagan kayo ulit para sa kulang ninyong dokumento.
fup025|Paumanhin po sa istorbo, nais ko lang i-verify kung natuloy ang inyong lakad.
fup026|I apologize if my previous message sounded pushy regarding your product evaluation today.
fup027|Huwag po kayong mag-alala, hindi ko na po kayo kukulitin kapag busy kayo.
fup028|Rest assured that we only follow up to ensure your complete satisfaction with us.
fup029|Nandito lang po ako para mag-assist sakaling kailanganin niyo ulit ang aming serbisyo.
fup030|Take all the time you need, I am just checking in to offer help.
fup031|Sakali pong may kakilala kayong nangangailangan ng aming produkto, baka pwede niyo kaming irekomenda.
fup032|If you know anyone else looking for our services, we would deeply appreciate referrals.
fup033|Mayroon po ba kayong maibibigay na kakilala na pwede naming tawagan para sa promo?
fup034|We love giving special discounts to customers who refer their friends to our shop.
fup035|Kung nasiyahan po kayo sa aming serbisyo, pwede niyo kaming ikuwento sa inyong mga kaibigan.
fup036|Tumatawag po ako para kamustahin kung kumusta ang naging takbo ng inyong negosyo.
fup037|Following up to see if you had a chance to review our new service catalog.
fup038|Binabalikan ko lang po kayo tungkol sa ten percent na napag-usapan natin.
fup039|I am returning your missed call from earlier this morning, how can I help?
fup040|Nais ko lang pong itanong kung na-deliver na ba ng maayos ang inyong package.
fup041|Nagbabakasakali po akong makapanayam kayo ngayon para sa inyong feedback sa binili niyo.
fup042|We are following up on your pending request to change the delivery address details.
fup043|Kailan po kaya kayo magkakaroon ng libreng oras para mapag-usapan natin ito ulit?
fup044|Just checking in to confirm if your equipment is running smoothly after our maintenance.
fup045|Tumawag po ako para ipaalala na mag-eexpire na ang inyong discount voucher bukas.
fup046|Pasensya na po sa istorbo, gusto ko lang i-confirm kung tama ang numero ninyo.
fup047|I apologize for calling late, but I needed an update regarding your shipment.
fup048|Wag po kayong mag-alala, hindi ko na po kayo kukulitin pagkatapos nitong tawag.
fup049|Makakaasa kayong hihintayin ko ang inyong pagbabalik tuwing kailangan ninyo ng tulong.
fup050|Kung may mga kaibigan kayong gustong umorder, pwede niyo silang papuntahin sa aming pahina.
fup051|Naalala ko po na naghahanap kayo ng alternative, kaya tinatawagan ko kayo ngayon.
fup052|Following up to see if you still require the items we reserved last week.
fup053|Nais ko lang itanong kung pumasok na sa inyong isip ang alok naming presyo.
fup054|Tumatawag ako para i-update kayo na dumating na ang inaabangan ninyong kulay.
fup055|I am following up on your feedback so we can improve our customer service.
fup056|Gusto ko lang po kamustahin kung nasubukan niyo na ang bagong produktong ipinadala namin.
fup057|Just calling back to give you the tracking number for your replacement package.
fup058|Sakali pong may concern kayo sa items, pwede niyo akong tawagan anumang oras.
fup059|Binabalikan ko po ang inyong mensahe tungkol sa nagka-aberyang pagpapadala noong isang araw.
fup060|We appreciate your time, please let us know if you have any new referrals.
grt001|Good morning there! How can I help you today?
grt002|Hello, thank you for calling our shop this afternoon.
grt003|Thank you for reaching out, my name is Anna.
grt004|Hi there, what can I do for you right now?
grt005|Welcome back, ma'am — it is great to hear from you again.
grt006|Good afternoon! Is this your first time ordering with us?
grt007|Hi there! How can I help you with your inquiries?
grt008|Good day! What can I assist you with right now?
grt009|Hi sir, thanks for calling — how may I help you?
grt010|I am glad you called, how can we help?
grt011|Good evening, thank you for contacting customer service!
grt012|Hello there, ma'am! Are you looking for a specific item?
grt013|Please hold the line for just a moment.
grt014|May I have your full name, please?
grt015|Just checking if you can still hear me clearly?
grt016|Let me pull up your account details right now.
grt017|Can I get your registered phone number, sir?
grt018|Kindly hold on while I check that for you.
grt019|Do not worry, I will figure this out for you.
grt020|Rest assured, we are looking into your previous inquiry.
grt021|Magandang umaga po! Ako po si Anna, paano ko kayo matutulungan ngayon?
grt022|Hi, thank you for calling! Si Grace po ito, ano pong maitutulong ko sa inyo?
grt023|Magandang araw! Welcome po sa aming shop. Ako pala si Liza, ano pong hanap natin?
grt024|Good afternoon po! Si Joy ito, paano ko masisigurong maayos ang order niyo ngayon?
grt025|Hello, salamat sa pagtawag! Ako si Michelle, may gusto po ba kayong i-inquire?
grt026|Good morning! Thank you for reaching out to us today. How may I assist you?
grt027|Hello, welcome to our customer service line. My name is Rica, how can I help?
grt028|Magandang hapon po sa inyo. Ano po ang maaari kong maipaglingkod ngayong araw?
grt029|Salamat po sa inyong pagtawag. Ako po si Faith, paano ko kayo masisilbihan?
grt030|Hi po! Si Karen po ito, paano ko po maa-assist ang concern niyo today?
grt031|Hello and magandang umaga! Divine po speaking, may kailangan po ba tayong i-check?
grt032|Good day po! Ako si Angel. Ready na po akong tulungan kayo sa order niyo.
grt033|Magandang hapon! Thank you for choosing our store, Bea po ito. Ano pong sa atin?
grt034|Sige po, nakuha ko na ang details. Wag kayong mag-alala, aayusin natin iyan.
grt035|I understand your concern po. Hayaan niyo at tutulungan ko kayong ma-resolve ito.
grt036|Rest assured, I will personally look into this matter for you right away.
grt037|You are in good hands. Let me double check that information to be absolutely sure.
grt038|Pwede ko po ba kayong i-hold nang sandali para ma-verify ko ang account niyo?
grt039|Sandali lang po, iche-check ko lang sa system kung pumasok na ang bayad.
grt040|Pakihintay po sa linya, titingnan ko lang po ang status ng delivery niyo.
grt041|I-hold ko lang po kayo ng mabilis, ipapasok ko lang ang details sa database.
grt042|Maaari po bang maghintay ng ilang saglit habang kinukuha ko ang inyong impormasyon?
grt043|Sandali po lamang, ipapasa ko ang inyong tawag sa tamang departamento.
grt044|Please allow me a brief moment to pull up your recent transaction history.
grt045|Can I place you on a short hold while I confirm the exact inventory count?
grt046|Naku, pasensya na po sa paghihintay. Medyo matagal lang po mag-load ang system namin.
grt047|I am so sorry to keep you on the line this long. Thank you for your patience.
grt048|Pasensya na po, closed na ang aming opisina ngayon. Pwede po kayong tumawag bukas.
grt049|Paumanhin po, sarado na kami tuwing five PM. Mag-iwan na lang po ng mensahe.
grt050|Hello po ulit! Si Christine ito, ano pong additional na kailangan nating i-check?
grt051|Welcome back po! Salamat at tumawag kayo ulit sa amin. Tuloy po natin ang usapan.
grt052|Hi, good to hear from you again! Paano ko po kayo matutulungan this time?
grt053|Hello again! Thank you for calling back. Let us pick up right where we left off.
grt054|Good afternoon! It is a pleasure to speak with you again today. How can I help?
grt055|Magandang umaga po! Ako si Nicole, may maitutulong ba ako sa mga inquiries niyo?
grt056|Hello, salamat sa pag-contact sa amin! Si Hannah po ito, paano ko kayo maa-assist?
grt057|Hi po, magandang araw! Camille here, ano pong concern ang pwede kong sagutin ngayon?
grt058|Good day! Welcome po sa customer support natin. Ako si Marie, anong kailangan nila?
grt059|Magandang hapon po! Jane po ang pangalan ko, paano ko po kayo mapagsisilbihan?
grt060|Hello po! Si Sarah pala ito, handang tumulong sa inyong mga katanungan.
grt061|Hi, good morning! May I know kung paano ko maa-address ang concern niyo ngayon?
grt062|Magandang araw! Salamat sa pagpili sa aming shop, may order po ba kayong ipapa-follow up?
grt063|Wait lang po ha, kukunin ko lang ang reference number na binigay niyo.
grt064|Pwede po bang mahingi ang buong pangalan niyo para ma-search ko sa records?
grt065|Sige po, i-check ko muna kung available pa ang item bago tayo mag-proceed.
grt066|Pakibigay naman po ang order id niyo para mahanap ko agad sa system.
grt067|I-transfer ko lang po ang call sa aming logistics team, hold the line please.
grt068|Please stay on the line while I verify your contact details in our database.
grt069|Let me quickly check the current status of your request. One moment, please.
grt070|I will place you on a brief hold to speak with our dispatch team.
grt071|Pakihintay po muli sa linya, binubuksan ko lamang ang inyong lumang record.
grt072|Titignan ko muna sa aming listahan kung kumpirmado na ang inyong naging transaksyon.
grt073|Sige po, naintindihan ko. Gagawin ko ang lahat para maayos natin ito ngayon.
grt074|Huwag po kayong mag-panic, ako na po ang bahalang mag-track ng package niyo.
grt075|Nandito po ako para tulungan kayo, we will make sure na tama ang maipapadala sa inyo.
grt076|Do not worry, I will take ownership of this issue and get it resolved for you.
grt077|I completely understand your frustration, and I am here to make things right today.
grt078|Ay, sorry po naputol ang tawag natin kanina. Saan po ba tayo huminto?
grt079|Pasensya na po kung medyo maingay ang background, nandito kasi kami sa main office.
grt080|Sorry po talaga for the inconvenience. Aasikasuhin ko na po agad ang request niyo.
grt081|Naku, paumanhin po sa abala, chine-check ko pa rin po kasi ang system hanggang ngayon.
grt082|I apologize for the abrupt disconnection earlier. Let me assist you with that immediately.
grt083|Humihingi po ako ng dispensa dahil lampas na po sa working hours namin ngayon.
grt084|Hello po, magandang araw! Si Tricia po ito, anong maitutulong ko sa order niyo?
grt085|Hi there! Thank you for calling today. Ako po si Kat, paano ko kayo masisilbihan?
grt086|Good morning po! Welcome to our store, may hinahanap po ba kayong specific na item?
grt087|Magandang hapon! Ito po ang customer service natin, pwede ko po bang malaman ang concern niyo?
grt088|Salamat po sa paghihintay, nahanap ko na ang inyong profile sa aming system.
grt089|Thank you for holding. I can see your previous purchases right here on my screen.
grt090|Sige po, paki-spell out naman po ang inyong apelyido para sa aming record.
grt091|I-note ko lang po ang sinabi niyo para malinaw sa ating delivery rider.
grt092|Pwede ko po bang i-confirm ang inyong address bago tayo mag-proceed sa susunod na step?
grt093|Let me just update your contact number so our team can reach you properly.
grt094|Sigurado po akong maihahatid ito sa tamang oras, wag po kayong mag-alala.
grt095|Rest assured po na na-flag na natin ito as priority delivery sa aming courier.
grt096|We are doing everything we can to expedite your order today. Please do not worry.
grt097|Pasensya na po ulit sa delay, ginagawa na po namin ang lahat ng paraan.
grt098|Sorry to keep you waiting on the line. I just needed to double check your details.
grt099|Magandang umaga po ulit! Salamat po sa pagtawag pabalik para i-confirm ang order niyo.
grt100|Welcome back po sa ating line! Ipagpatuloy na natin ang pag-process ng inyong request.
obj001|Sige lang po, take your time pag-isipan, nandito lang kami palagi!
obj002|No problem at all, take as much time as you need to decide!
obj003|Balikan niyo lang po kami kapag nakapagdesisyon na kayong tuluyang bumili.
obj004|Okay lang po iyan, just let me know kapag ready na kayo!
obj005|We will gladly wait for you when you are ready to order.
obj006|Pasensya na po kung medyo mataas yung presyo natin ngayon.
obj007|Paumanhin po, ngunit iyon na po ang pinakamababang presyo na aming maibibigay.
obj008|I am truly sorry if our pricing does not fit your current budget.
obj009|Sorry po, hindi po talaga namin kaya tapatan ang presyo ng iba.
obj010|Pasensya na po kung nagka-problema kayo sa amin noong nakaraan.
obj011|We apologize if your previous experience made you hesitant to buy today.
obj012|Naku, sorry po talaga, sagad na po ang ibinigay kong discount sa inyo.
obj013|Humihingi po ako ng tawad kung hindi namin naabot ang inaasahan ninyo.
obj014|I deeply apologize, but we cannot offer any further discounts right now.
obj015|Sorry po kung na-disappoint kayo sa quality ng unang order ninyo.
obj016|Pasensya na po, wala po kaming cash on delivery sa inyong lugar.
obj017|I am sorry to hear you feel that way about our new product.
obj018|Sorry po, naiintindihan ko kung gusto niyo muna maghanap ng mas mura.
obj019|Patawad po kung nag-aalangan kayo dahil sa mga nabasa ninyong balita.
obj020|We sincerely apologize for any confusion regarding the actual shipping fee.
obj021|Pasensya na po kung medyo malayo ang pwesto namin sa inyo.
obj022|Paumanhin, naiintindihan ko po na kailangan ninyo muna itong pag-isipang mabuti.
obj023|I am sorry if the upfront payment requirement is a bit difficult today.
obj024|Sorry po kung mukhang scam, pero legit po ang aming online shop.
obj025|Pasensya na po talaga kung hindi ko mabawasan ang shipping fee.
obj026|We apologize if our items seem more expensive than our direct competitors.
obj027|Sorry po, strict po kasi kami sa no refund policy kapag nabuksan na.
obj028|Paumanhin po, sadyang nagtaas lang po talaga ng puhunan kaya ganyan.
obj029|I apologize, but the promo discount cannot be applied to this item.
obj030|Sorry po ha, gusto ko man kayo bigyan ng discount, bawal talaga.
obj031|Naiintindihan ko po, mag-usap muna kayo ng asawa ninyo bago kayo bumili.
obj032|Maaari ninyong basahin ang aming mga reviews upang kayo ay mas makasiguro.
obj033|You can read our customer reviews on facebook to verify our store.
obj034|Kung gusto niyo po, itago ko muna yung item hanggang bukas.
obj035|Ipadadala ko po ang mga litrato upang makita ninyo ang kalidad.
obj036|Let me send you a video of the actual item for your reference.
obj037|Okay lang po kung next week na kayo o-order, walang problema.
obj038|Maaari po kayong bumisita sa aming tindahan upang makita ninyo nang personal.
obj039|We understand if you want to compare our prices with other brands first.
obj040|Sige po, i-message niyo na lang ako kapag nakausap niyo na si mister.
obj041|Nasa inyo po ang huling desisyon kung itutuloy ninyo ang pagbili ngayon.
obj042|Please take your time to consider if this purchase fits your budget.
obj043|Wala po tayong pilitan, kung kailan lang kayo ready, doon po tayo.
obj044|Ilalagay ko muna sa inyong cart para hindi ninyo makalimutan mamaya.
obj045|It is completely fine if you decide to buy the alternative option instead.
obj046|Pwede niyo po i-check ang aming shopee store para sa mas maraming reviews.
obj047|Babalikan ko po kayo sa biyernes upang malaman ang inyong huling pasya.
obj048|Feel free to explore other suppliers to see the price differences available.
obj049|Sige po, ibibigay ko ang number ko para matawagan niyo ako agad.
obj050|Hihintayin ko po ang inyong tawag kung kailan ninyo gustong umorder.
obj051|You can always return to our shop once you have made your decision.
obj052|Okay po, pag-isipan niyo munang mabuti para hindi kayo maghinayang sa huli.
obj053|Makikita ninyo ang pagkakaiba ng aming produkto kapag hinawakan ninyo ito.
obj054|I will document your feedback regarding the pricing of this specific product.
obj055|Kung nag-aalangan kayo, pwede kayong mag-order muna ng isa para ma-test.
obj056|Wag kayong mag-alala, one hundred percent authentic po itong ibinebenta namin sa inyo.
obj057|Naiintindihan ko ang inyong pag-aalala, ngunit sisiguraduhin kong maayos itong makakarating.
obj058|I understand your hesitation, but I guarantee this product will meet your expectations.
obj059|Sigurado po kayong sulit na sulit ang ibabayad niyo sa quality nito.
obj060|Huwag po kayong matakot, maaasahan ninyo na totoo ang aming sinasabi.
obj061|Rest assured that our online store has been operating safely for three years.
obj062|Wag po kayong mag-alala na ma-scam, may physical store po kami sa makati.
obj063|Makakaasa po kayo na hindi masasayang ang inyong pera sa produktong ito.
obj064|Please do not worry, we offer a money back guarantee if it fails.
obj065|Garantisado pong maganda ang quality niyan kaya hindi kayo magsisisi sa huli.
obj066|Nauunawaan ko po kung bakit kayo nagdududa, ngunit libo na ang aming parokyano.
obj067|I completely understand why you need to think about it before purchasing today.
obj068|Wag po kayong matakot mag-bayad online, secured po ang system ng gcash natin.
obj069|Handa po kaming palitan ang produkto kung may nakita kayong sira pagdating.
obj070|You are making a very safe choice, many customers love this exact item.
obj071|Naiintindihan ko po kung mahal, pero pangmatagalan po kasi ang tibay nito.
obj072|Huwag kayong mag-alala, tutulungan ko kayong makatipid nang hindi isinasakripisyo ang kalidad.
obj073|Rest assured, the higher price directly translates to much better material quality.
obj074|Wag po kayong mag-alangan, nagpapadala po kami ng litrato bago namin i-ship.
obj075|Makakatiyak po kayo na ang bawat detalye ng item ay aming sinuri.
obj076|We truly value your trust, so we only provide the best possible service.
obj077|Hindi po tayo gaya ng iba na nagpapadala ng maling item sa customer.
obj078|Ipangangako ko po na mas maganda ang inyong magiging karanasan sa amin ngayon.
obj079|I promise you will see a huge difference compared to your past supplier.
obj080|Wag niyo na po masyadong isipin yung presyo, maganda po talaga yung item.
obj081|Huwag po kayong mangamba, legal at rehistrado po ang aming maliit na negosyo.
obj082|Please feel confident in your purchase, we stand by our product quality entirely.
obj083|Nakakasiguro po kayong safe ang inyong details, hindi po namin iyan ipagkakalat.
obj084|Asahan po ninyo na tutulungan ko kayo mula ngayon hanggang makuha ang parcel.
obj085|Do not worry about hidden fees, everything is fully detailed on your receipt.
obj086|Alam ko pong nag-aalinlangan kayo sa ngayon, kaya andito ako para mag-paliwanag.
obj087|Maniwala po kayo, malaking ginhawa ang maibibigay nito sa inyong pamilya.
obj088|I understand it is an investment, but it will save you money eventually.
obj089|Wag po kayong ma-stress kung hindi pa kayo sure, pwede naman bukas na.
obj090|Huwag po kayong mag-alala kung kailangan ninyo pa ng oras upang magpasya.
obj091|We will be right here whenever you are ready to make a purchase.
obj092|I-aassure ko po sa inyo na worth it bawat piso na ilalabas ninyo.
obj093|Nakatitiyak ako na magugustuhan din ng inyong asawa ang produktong napili ninyo.
obj094|I am confident that this item will solve the problem you described earlier.
obj095|Wag po kayong kabahan sa online payment, ire-resibo po namin agad iyan.
obj096|Hayaan ninyong ipakita ko kung gaano kaganda ang ginamit na materyales dito.
obj097|Your peace of mind is our priority, so we check every single box.
obj098|Kung may hesitation po kayo, pwede tayong mag video call para makita niyo.
obj099|Maiintindihan po ninyo kung bakit ganyan ang presyo kapag nagamit ninyo na.
obj100|We completely understand the need to consult with your partner before buying anything.
obj101|Wag po mag-alala, marami na rin po kaming naging customer diyan sa inyo.
obj102|Sisiguraduhin ko pong hindi na mauulit ang pangit ninyong naging karanasan sa iba.
obj103|I assure you that our customer service team will handle any future issues.
obj104|Legit na legit po kami, kaya wag po kayong matakot mag-transact ngayon.
obj105|Makakaasa kayong hindi namin sasayangin ang tiwalang ibinibigay ninyo sa aming tindahan.
obj106|Please be assured that this model is highly durable and very reliable overall.
obj107|Wag po kayong mag-alala kung medyo pricey, mas tatagal naman po ito sa inyo.
obj108|Sadyang mas mahal lang po nang kaunti dahil mas makapal ang telang ginamit.
obj109|We have thousands of satisfied customers who initially had the exact same concerns.
obj110|Naiintindihan ko po na mahalaga sa inyo ang quality, kaya ito ang pini-present ko.
obj111|Walang problema kung kailangan ninyong magtanong muna sa inyong mga kasama sa bahay.
obj112|Rest assured, you can easily reach us if you have questions after delivery.
obj113|Okay lang po na mag-duda kayo, pero ipapakita ko na legit kami.
obj114|Huwag ninyong isipin na scam ito, nagbabayad po kami ng tamang buwis taon-taon.
obj115|I guarantee that the color and material will perfectly match the provided photos.
obj116|Wag po kayong matakot, may return policy tayo kung hindi niyo magustuhan.
obj117|Kayo po ay aming pinapahalagahan, kaya hindi namin kayo bibiguin sa kalidad.
obj118|You are definitely getting the best value for your hard earned money today.
obj119|Kahit mas mura yung sa kabila, garantisado namang tatagal itong sa aming shop.
obj120|Hindi ninyo kailangang magmadali, nandito lamang ako kung sakaling handa na kayo.
obj121|We completely stand behind our product, ensuring every customer gets exactly what they need.
obj122|Wag po kayong mag-alala, pwede niyo itong i-check bago niyo ibigay ang bayad.
obj123|Maiintindihan ko kung gusto ninyo munang mag-ipon bago bumili ng malaking item.
obj124|It is totally understandable if you need a few days to think deeply.
obj125|Opo, medyo mahal talaga, pero tignan niyo naman po yung napakagandang finish niya.
obj126|Huwag kayong mag-alala kung nakaranas kayo ng palpak na order noong mga nakaraan.
obj127|I promise to oversee your order personally to ensure everything goes smoothly today.
obj128|Kung gusto niyo po ng peace of mind, i-cash on delivery na lang natin.
obj129|Asahan ninyo na mananatiling maayos ang kondisyon ng item kahit pagkatapos ng taon.
obj130|Rest assured, we strictly maintain high quality control standards before shipping any package.
obj131|Hindi po tayo manloloko, kaya wag po kayong mag-alala sa inyong idedeposito.
obj132|Makikita ninyo po na mas malinaw at detalyado ang pagkakagawa ng aming produkto.
obj133|We fully understand your budget constraints, which is why we suggest this alternative.
obj134|Hayaan niyo po, gagawin ko ang lahat para maging sulit ang ibabayad niyo.
obj135|Naiintindihan ko po na mahirap magtiwala ngayon, kaya handa akong magbigay ng patunay.
obj136|You can safely verify our business registration if you feel slightly hesitant today.
obj137|Wag niyo na pong isipin yung bad experience niyo, iba po kami mag-alaga.
obj138|Narito po kami upang magbigay ng solusyon sa inyong matagal na problema.
obj139|Do not worry, we always prioritize the satisfaction of our loyal returning customers.
obj140|Pag-usapan niyo po muna, hindi naman po paubos ang stock natin sa ngayon.
obj141|Mas nakabubuti nga po na sigurado kayo bago kayo maglabas ng inyong pera.
obj142|I completely agree that quality should never be compromised for a lower price.
obj143|Wag po kayong mag-alala, marami na kaming natulungan na may parehong problema sa inyo.
obj144|Ipapaubaya ko sa inyo ang pagpapasya dahil alam kong alam ninyo ang tama.
obj145|We will gladly provide all the necessary information so you can decide comfortably.
obj146|Sige po, take your time mag-isip, walang mawawala kung titingin-tingin muna kayo ngayon.
obj147|Huwag po kayong mahiya na sabihin sa akin kung hindi kaya ng badyet.
obj148|I am confident you will find our services vastly superior to the competition.
obj149|Wag po kayong ma-pressure umorder ngayon, nandito lang kami pwedeng balikan bukas.
obj150|Makakaasa po kayo na kahit bumili kayo o hindi, ituturing namin kayong mahalaga.
pay001|Great news, pumasok na po ang inyong bayad sa aming system!
pay002|Yes po, pwede kayong magbayad gamit ang inyong gcash o kaya maya.
pay003|Thank you for sending the screenshot, I have confirmed your payment now.
pay004|Nakatanggap po kami ng notification na bayad na ang inyong order!
pay005|Perfect! We successfully processed your online transaction a few minutes ago.
pay006|Sige po, isesend ko na ang aming qr code para madali niyo i-scan.
pay007|Ayun, nakita ko na po ang inyong deposit sa aming bank account.
pay008|Maraming salamat po sa mabilis na pagbabayad ninyo ng inyong balanse.
pay009|Your cash on delivery request has been approved and ready to go!
pay010|Mabuti naman po at umokey na yung transfer niyo sa wakas!
pay011|Okay na po ang payment niyo, ipa-pack na namin ang inyong order.
pay012|We are happy to confirm that your final balance is completely settled.
pay013|Pwede rin po tayong cash on delivery kung iyon ang mas madali.
pay014|Ang galing, pumasok agad yung payment niyo kahit weekend ngayon!
pay015|Your refund has been fully processed and credited back to your wallet.
pay016|Na-receive na po namin ang inyong resibo kaya tuloy na ang transaction.
pay017|Magandang balita po, kumpleto na ang inyong hulog para sa buwang ito.
pay018|You can definitely use your credit card for this specific purchase today!
pay019|Yes, tatanggapin po namin ang buong bayad pagdating ng rider sa inyo.
pay020|Cleared na po ang inyong account kaya wala na kayong aalalahanin.
pay021|It is very easy to pay using our official online payment link!
pay022|Sakto po ang inyong ibinayad kaya wala na pong sukli na kailangan.
pay023|Ayan, successful na po ang inyong gcash transfer, salamat po nang marami!
pay024|We gladly accept major debit cards if you prefer visiting our store.
pay025|Bayad na po ang lahat, kaya maghihintay na lang kayo sa delivery!
pay026|Pasensya na po, pero nag-fail kasi yung credit card transaction ninyo.
pay027|I am very sorry, but the bank rejected your online transfer today.
pay028|Patawad po, hindi po kasi namin natanggap ang inyong proof of payment.
pay029|Sorry po talaga, hindi kami tumatanggap ng personal na tseke sa ngayon.
pay030|We apologize for the delay in processing your refund this past week.
pay031|Wag po kayong mag-alala, ibabalik namin ang inyong pera sa lalong madaling panahon.
pay032|Please do not panic, your money is completely safe in our system.
pay033|Hayaan niyo po at iche-check ko ulit sa finance department ang inyong bayad.
pay034|Rest assured that we will double check the payment gateway for you.
pay035|Babalik din po sa account ninyo ang nabawas na pera bukas.
pay036|Ligtas po ang inyong bank details dahil secured ang aming online portal.
pay037|We will make sure you receive the correct change upon delivery tomorrow.
pay038|Aasikasuhin ko po agad ang inyong refund request para hindi kayo maghintay.
pay039|Sigurado pong hindi kayo madodoble ng charge sa inyong credit card ngayon.
pay040|I guarantee that your payment issue will be resolved by the end of today.
pay041|Kailangan po muna nating magbayad ng downpayment bago umpisahan ang inyong project.
pay042|Please send a copy of the deposit slip to our email address.
pay043|Ang natitirang balanse po ay babayaran ninyo pagdating ng inyong mga gamit.
pay044|Paki-send na lang po yung screenshot ng inyong gcash transaction sa messenger.
pay045|We require a fifty percent initial deposit to confirm your pre order.
pay046|Maaari po ninyong ipadala ang bayad sa aming opisyal na bank account.
pay047|Tumatanggap po kami ng cash on delivery para sa mga order na ganito.
pay048|Your monthly billing statement will be sent automatically to your registered email.
pay049|Paki-check po kung tama ang account name bago ninyo i-send ang pera.
pay050|Ang huling araw po ng pagbabayad ay sa susunod na byernes pa.
pay051|Our system automatically updates your account balance after every successful online payment.
pay052|Kalahati po muna ang ibabayad niyo tapos yung kalahati ay sa katapusan.
pay053|Pwede po kayong magbayad sa kahit anong branch ng bangko na malapit.
pay054|You can pay the rider directly with cash once your package arrives.
pay055|Hihintayin po namin ang inyong resibo bago namin ipadala ang inyong parcel.
pay056|I-scan niyo lang po ang qr code na ipapadala ko sa inyo ngayon.
pay057|Bale two thousand five hundred po ang kailangan ninyong i-transfer sa amin.
pay058|The outstanding balance must be fully paid before we release the documents.
pay059|Pwede niyo pong i-save ang aming number para sa mga susunod na bayad.
pay060|Tanging pera lamang po ang tinatanggap ng aming mga delivery rider ngayon.
pay061|We strictly follow a no downpayment no processing policy for custom orders.
pay062|Kapag maya po ang gamit, real time po pumapasok ang bayad ninyo.
pay063|Ipapadala ko po sa text ang bank details para hindi kayo malito.
pay064|Please indicate your order number in the remarks section of the transfer.
pay065|Kung gusto niyo po ay i-bank transfer na lang ang buong halaga.
pay066|Nakadepende po sa bangko ninyo kung may karagdagang charge ang pag-send.
pay067|You may use our provided payment link to settle your remaining balance.
pay068|Ibawas niyo na lang po yung naunang deposit sa inyong final bill.
pay069|Ang refund po ay umaabot ng tatlo hanggang limang araw bago makuha.
pay070|A service fee of twenty pesos applies for over the counter transactions.
pay071|Paki-sigurado po na tama ang reference number na ilalagay ninyo sa form.
pay072|Wala pa po kasi sa system namin ang binayad ninyo kahapon ng hapon.
pay073|All partial payments are completely non refundable once the item is shipped.
pay074|Kung hindi po gumana ang gcash, subukan po nating gamitin ang maya.
pay075|Idadagdag po namin ang utang ninyo sa inyong susunod na billing cycle.
pay076|You have exactly three days to complete the payment for this reservation.
pay077|Tatanggapin po ba ng rider ang eksaktong bayad o kailangan ninyo ng sukli?
pay078|I-forward ko lang po sa accounting ang inyong resibo para ma-verify nila.
pay079|Kindly hold the line while I manually verify your deposit right now.
pay080|Pagkatapos niyo pong magbayad, mag-message lang po agad kayo sa aming page.
pay081|Bawal po ang installment plan para sa mga produktong naka-sale na ngayon.
pay082|Our finance department will process your refund request by tomorrow morning.
pay083|Hindi po kami tumatanggap ng tseke, cash o kaya online transfer lamang.
pay084|Mag-rereply po ang aming system kapag na-confirm na ang inyong naging transaksyon.
pay085|The payment gateway is undergoing scheduled maintenance for the next two hours.
pay086|Kung nag-fail po ang transfer, paki-check muna ang balance ng inyong account.
pay087|Paki-picture-an po nang malinaw ang resibo para mabasa namin ang reference number.
pay088|We cannot release the item until the post dated check is fully cleared.
pay089|Tatlong buwan po ninyong huhulugan ang inyong kinuha na package sa amin.
pay090|Kapag card po ang gamit, may dagdag na bank charge na five percent.
pay091|Please review the payment instructions sent to your email yesterday afternoon.
pay092|Sige po, ipapa-cancel ko muna ang unang order dahil sa failed payment.
pay093|Ipapasok po namin ang inyong refund pabalik sa inyong ginamit na credit card.
pay094|If you choose cash on delivery, please prepare the exact amount beforehand.
pay095|Maaari po ninyong ipadala sa anumang pera padala na malapit sa inyo.
pay096|Para po ma-process ang refund, kailangan namin ang inyong buong bank details.
pay097|Once the downpayment is received, we will begin production on your order.
pay098|I-verify ko lang sa bangko kung pumasok na yung tseke na idineposito ninyo.
pay099|Hindi na po kayo sisingilin ng aming rider dahil bayad na po ito.
pay100|Your account will be temporarily suspended if the monthly due remains unpaid.
prc001|Naku, swerte po kayo kasi naka-sale po tayo ngayon ng twenty percent!
prc002|We currently have an amazing buy one take one promo today!
prc003|Good news po, pasok yung order niyo sa free shipping natin!
prc004|One thousand pesos na lang po kung bibilhin niyo ngayon.
prc005|Makakatipid po kayo ng five hundred kapag kinuha niyo ang buong set.
prc006|You can save five hundred pesos if you purchase the bundle now.
prc007|Tamang-tama po, may discount kami na ten percent para sa mga new customers.
prc008|Sulit na sulit po ito dahil libre na rin ang pagpapa-deliver.
prc009|Yes po! Magiging six hundred na lang po siya dahil sa promo code.
prc010|The discounted total comes out to exactly one thousand five hundred pesos.
prc011|Swerte po ninyo, nag-extend kami ng flash sale hanggang mamayang gabi!
prc012|Makakakuha po kayo ng freebie kung aabot ng two thousand ang bibilhin niyo.
prc013|We will automatically apply the fifty percent discount upon checkout!
prc014|Sobrang baba na po ng presyo natin diyan kumpara sa iba.
prc015|Ang ganda po ng timing niyo, nagbagsak-presyo po kami kahapon.
prc016|You are in luck, this item is on clearance for three hundred pesos.
prc017|Naka-promo po tayo na less fifty pesos sa bawat additional na piraso.
prc018|Kapag kumuha kayo ng dalawa, may libre na po kayong isa!
prc019|Our weekend sale gives you twenty percent off all regular items!
prc020|Oo naman po, sagot na po namin ang shipping fee niyan.
prc021|Bongga po ang discount niyo rito dahil suki na po kayo.
prc022|The final price will only be nine hundred ninety nine pesos.
prc023|Yes, three hundred na lang po ang babayaran niyo para diyan.
prc024|Naku, sakto po dahil may pa-voucher pa po tayo sa inyo!
prc025|Grab the chance now because this offer is truly our biggest yet.
prc026|Wag po kayong mag-alala, wala pong hidden charges yung breakdown natin.
prc027|I assure you, this is the most competitive price in the market today.
prc028|Sulit po ang ibabayad niyo dahil pangmatagalan ang kalidad ng produkto natin.
prc029|Garantisado po na ang siningil ko lang ay yung nakalagay sa resibo.
prc030|Please do not worry, the installation fee is already included in that amount.
prc031|Naiintindihan ko po, kaya binigyan ko na kayo ng pinakamababang presyo.
prc032|We guarantee that our pricing is completely transparent from the very start.
prc033|Sigurado po kayong hindi kayo luge sa binayaran niyo para sa item na ito.
prc034|Hayaan niyo po, itototal ko ulit para makita niyo na tama ang computation.
prc035|You have my word, there are no additional fees upon delivery.
prc036|Makakaasa po kayo na ito na po ang final at totoong presyo.
prc037|We will match the competitor price just to give you the best deal.
prc038|Huwag pong mabahala, pwede naman po nating i-refund kapag may sumobra.
prc039|Ibibigay ko na po sa inyo ang wholesale price para makatipid kayo.
prc040|The warranty coverage makes the extra cost completely worth your peace of mind.
prc041|Transparent po kami sa lahat ng add-ons kaya wag po kayong mag-atubiling magtanong.
prc042|Sige po, aayusin ko ang presyo para pasok sa budget na sinabi niyo.
prc043|We can certainly work out a payment schedule that fits your budget.
prc044|Pangako po, hindi po tataas iyan kahit abutin tayo ng next week.
prc045|Rest assured that the quotation is locked in for thirty days.
prc046|Pasensya na po, pero fixed price na po kasi iyan talaga.
prc047|I am really sorry, but the promotional period ended exactly at midnight.
prc048|Paumanhin po, hindi po namin kaya tapatan ang presyo ng kabilang tindahan.
prc049|Sorry po talaga, tumaas na po kasi ang singil sa amin ng supplier.
prc050|We sincerely apologize, but we cannot offer any further discounts on this model.
prc051|Naku po, pasensya na dahil hindi na po valid yung binigay ninyong voucher code.
prc052|I am sorry, but the shipping cost is computed separately from the product price.
prc053|Patawad po, wala po kasi kaming installment option para diyan sa ngayon.
prc054|Sorry po ah, pero sagad na po ang discount na maibibigay ko diyan.
prc055|We apologize for the confusion, the lower price was for a different size.
prc056|Ang regular price po ng item na iyan ay eight hundred pesos.
prc057|The total amount due is three thousand five hundred pesos.
prc058|Kung iisahin niyo po, two hundred ang presyo ng bawat piraso.
prc059|Bale aabot po lahat ng one thousand fifty pesos.
prc060|The retail price for one unit is exactly eight hundred pesos.
prc061|May dagdag po na fifty pesos para sa ating special packaging.
prc062|Sa computation po natin, nagkakahalaga ito ng seven thousand lahat-lahat.
prc063|That will be four hundred pesos per square meter, including labor.
prc064|Wala pa pong kasamang delivery fee yung kinowt ko na presyo.
prc065|The estimated total is roughly fifteen thousand pesos before any taxes.
prc066|Kung babawasan ng ten percent, magiging nine hundred na lang po siya.
prc067|Ipadadala ko po sa inyo ang kumpletong breakdown ng mga babayaran niyo.
prc068|We charge a standard flat rate of one hundred pesos for metro manila shipping.
prc069|Yung nakalagay po sa resibo ay ang mismong halaga na hinihingi namin.
prc070|Bale yung downpayment po natin ay fifty percent ng total price.
prc071|Let me pull up the exact quotation we sent you last tuesday.
prc072|Kapag maramihan po ang kinuha ninyo, mas bababa pa po ang unit price.
prc073|Ang minimum spend po para maka-avail ng promo ay two thousand pesos.
prc074|For purchases above five thousand, we automatically waive the delivery fee entirely.
prc075|Kasama na po sa presyong iyan ang isang taon na warranty ng produkto.
prc076|Babasahin ko po ang itemized breakdown para malinaw sa atin ang computation.
prc077|The base cost is around two hundred pesos, but it depends on the design.
prc078|Kapag umorder po kayo ng higit sa sampu, bibigyan ko kayo ng wholesale rate.
prc079|Ang huling presyo na binigay sa amin para diyan ay three hundred.
prc080|We accept bulk orders starting at fifty pieces for a lower price point.
prc081|Wala po tayong tubo diyan dahil benta-palugi na po natin iyan.
prc082|Kung idadagdag po natin yung accessories, aabot po tayo ng five thousand.
prc083|The promotion specifically applies to cash payments made within this week.
prc084|Magkakaiba po ang presyo depende sa size at kulay na mapipili ninyo.
prc085|Siningil po kayo ng extra dahil nag-request po kayo ng express delivery.
prc086|Please review the attached quote to see the line by line charges.
prc087|One thousand eight hundred po ang nakikita kong total dito sa system.
prc088|Ang promo code na sinasabi niyo po ay para sa first time buyers lamang.
prc089|If you look closely, the add-on feature costs an extra two hundred pesos.
prc090|Kapag pinagsama po natin ang dalawang items, one thousand po ang aabutin.
prc091|Libre na po ang pag-assemble niyan, kasama na po sa binayaran niyo.
prc092|Our pricing tiers are based on the volume of your monthly orders.
prc093|Ang hinihingi lang po namin ngayon ay yung kalahati para umpisahan ang trabaho.
prc094|Nakadepende po ang shipping rate natin sa bigat ng mismong package ninyo.
prc095|Sales tax is already computed into the final amount you see there.
prc096|Idadagdag ko na lang po ba yung bubble wrap na bente pesos?
prc097|Babalik po sa normal price ang item kapag natapos na ang buwan na ito.
prc098|The standard quotation is valid for only fourteen days from the date issued.
prc099|Four hundred seventy five pesos po ang eksaktong halaga.
prc100|Kung bibilangin po natin lahat, pumatak po ng siyam na libo ang bill.
prc101|There is a small processing fee of fifty pesos for card transactions.
prc102|Ang binigay po sa aking presyo ng supplier ay tumaas kaya nag-adjust kami.
prc103|Nakahiwalay po sa resibo ang bayad para sa pag-deliver ng gamit.
prc104|We do not require any downpayment for items under one thousand pesos.
prc105|Kapag pina-rush niyo po ang order, may additional na one hundred.
prc106|Magiging doble po ang babayaran niyo kung dalawang set ang kukunin.
prc107|Your invoice shows a pending balance of exactly four hundred thirty pesos.
prc108|Ibabawas po natin yung five hundred galing sa una ninyong binayaran.
prc109|Ang nakalagay po na presyo sa website ay hindi pa kasama ang tax.
prc110|You will notice a minor price difference compared to our physical store.
prc111|Fifty percent po muna ang kailangan nating ideposito bago natin i-process.
prc112|Yung susunod na payment niyo po ay naka-schedule sa katapusan ng buwan.
prc113|The current market price for that material is quite high this season.
prc114|Nakadepende po talaga sa layo ng inyong address ang babayaran sa courier.
prc115|Kapag tinotal po natin kasama yung discount, pumatak po ng two thousand.
prc116|We can provide a detailed breakdown so you can check every single item.
prc117|Pwede po nating alisin yung add-ons kung gusto niyo makatipid nang kaunti.
prc118|Hindi na po kami naniningil ng extra para sa mga simpleng alterations.
prc119|The discount coupon will expire exactly at midnight on friday.
prc120|Bale twenty pesos lang naman po ang nadagdag kaya hindi masyadong mabigat.
prc121|Iche-check ko muna kung magkano na ang inabot ng pinagsama-samang order niyo.
prc122|Your total bill comes out to exactly seven thousand eight hundred pesos.
prc123|Ang puhunan lang po namin diyan ay halos kalahati ng bentahan ngayon.
prc124|Pag lumampas po kayo sa oras, may panibagong charge na po tayo.
prc125|We calculate the shipping based on the volumetric weight of the box.
prc126|Nakuha niyo po iyan sa mas murang halaga dahil sa promo nung nakaraang lingo.
prc127|Bukod po doon sa item, magbabayad din po kayo para sa mismong box.
prc128|Please refer to the second page of the quote for the pricing terms.
prc129|Kapag binawasan po natin ng dalawang piraso, mas bababa po ang total ninyo.
prc130|Ang nakalista po rito na bayarin ay three hundred sixty pesos.
prc131|The promotional price is strictly limited to one purchase per customer today.
prc132|Ise-send ko po yung official quotation sa email ninyo pagkatapos ng tawag.
prc133|Hahatiin po natin sa dalawang hulog ang inyong kabuuang bayarin.
prc134|We highly recommend buying the set instead of getting individual pieces.
prc135|Wala na po tayong magagawa sa presyo kasi system generated na po iyan.
prc136|Bawat isang metro po ng tela ay nagkakahalaga ng ninety pesos.
prc137|For a more accurate estimate, I need to know the specific model first.
prc138|Titignan ko lang kung tama ba ang nai-punch ko na halaga sa inyo.
prc139|Mula po ngayon, nagtaas na po ng sampung piso ang presyo ng supplier.
prc140|We are currently updating our price list to reflect the new seasonal rates.
prc141|Isasama ko na po sa invoice yung hiningi ninyong libreng paper bag.
prc142|Naka-indicate po rito na nabayaran niyo na yung downpayment na one thousand.
prc143|The remaining balance must be cleared before we release the final product.
prc144|Ang computation po nito ay base sa dami ng kinuha ninyong produkto kanina.
prc145|Kapag inalis ko po ito, magiging three thousand na lang ang babayaran niyo.
prc146|We have a standard pricing matrix that applies to all our provincial distributors.
prc147|Ilalagay ko po bilang discount yung naipon ninyong points sa inyong loyalty card.
prc148|Babawasan ko na lang po ng bente pesos dahil medyo matagal po kayong naghintay.
prc149|Please note that prices are subject to change without prior notice next month.
prc150|Pumatak po ng four thousand, kasama na po yung delivery at taxes.
prd001|Pasensya na po, naubos na po kasi yung item kahapon.
prd002|I am so sorry, but that exact model is currently out of stock.
prd003|Sorry po talaga, out of stock na yung kulay na gusto niyo.
prd004|Naku, ubos na po ang medium natin para diyan sa damit.
prd005|We apologize, but the shipment for that product got delayed.
prd006|Pasensya na ha, huling piraso na pala yung nabenta kaninang umaga.
prd007|Sorry po, pero next week pa po ang dating ng bagong stocks.
prd008|I apologize, we do not have any large sizes left today.
prd009|Naku, pasensya na po at wala na tayong stock sa bodega.
prd010|Sorry talaga, sold out na po ang promo item na iyan.
prd011|Paumanhin po, hindi pa po kami nakakapag-restock ng variant na iyon.
prd012|Unfortunately, that specific design is no longer available in our inventory.
prd013|Naku po, ubos na ubos na po talaga yung best seller natin.
prd014|Sorry for the inconvenience, but we discontinued that item last month.
prd015|Pasensya na, medyo matagal pa bago mag-restock niyan sa supplier.
prd016|I am afraid we ran out of the black ones earlier today.
prd017|Sorry po, puro small na lang ang natira sa inventory namin.
prd018|Naku, pasensya na po, out of stock na yung hinahanap ninyo.
prd019|Paumanhin po, pero matagal pa po ang susunod na dating ng materyales.
prd020|We deeply apologize, but that item is completely sold out right now.
prd021|Yes po! Available pa yung item at ready for shipping na.
prd022|Good news, we just received a new delivery of that exact product!
prd023|Opo, meron pa po tayong tatlong piraso na natitira sa store.
prd024|Yes! Kasya po diyan ang malaking size, maganda po ang fit niyan.
prd025|Perfect choice! That item is one of our best sellers this week.
prd026|Oo naman po, sobrang ganda ng quality ng materyales na ginamit diyan.
prd027|Available po ang red and blue, ano pong kulay ang gusto ninyo?
prd028|We have plenty of stock available for that specific variant today!
prd029|Yes po, sakto dahil kakadating lang ng mga bagong stocks natin kanina.
prd030|Definitely! The new version has much better features than the old one.
prd031|Tamang-tama po, naka-sale din po yung item na napili ninyo ngayon.
prd032|Opo, meron po tayong stock niyan kaya pwede niyo nang ma-order.
prd033|Great news! We still have a few pieces left in the stockroom.
prd034|Yes po, bagay na bagay po sa inyo yung kulay na iyon.
prd035|We can certainly set aside one piece for you right now!
prd036|Sakto po ang dating ninyo, nag-restock po kami kaninang umaga lang.
prd037|Opo, sikat na sikat po ang produktong iyan sa aming mga mamimili.
prd038|Absolutely! The fabric is very soft and comfortable for daily wear.
prd039|Yes po, available ang lahat ng sizes mula small hanggang extra large.
prd040|We are fully stocked, so you can order as many as you want!
prd041|Iche-check ko muna sa likod, wag kayong mag-alala, baka meron pa.
prd042|Let me double check the backroom for you, just to be absolutely sure.
prd043|Hahanapan ko po kayo ng magandang alternative kung sakaling wala na ito.
prd044|Wag po kayong mag-alala, magkakaroon po ulit tayo niyan bukas ng hapon.
prd045|I will make sure to reserve the next available unit just for you.
prd046|Ang pinagkaiba lang po nila ay yung size at yung kulay.
prd047|The premium version includes additional accessories inside the box.
prd048|Pwede po nating palitan ng ibang kulay kung okay lang sa inyo.
prd049|Mas malaki po ng kaunti yung bagong model kumpara sa luma.
prd050|Let me check the inventory system to see the exact quantity left.
prd051|Yung medium po natin ay kasya sa mga may waistline na thirty.
prd052|Dalawang variants po ang available, isang matte tapos isang glossy ang finish.
prd053|The item comes with a complete set of attachments and a manual.
prd054|Titignan ko muna sa bodega kung may natitira pa tayong malalaking sizes.
prd055|Mas mabigat po yung isang item kasi yari po iyon sa bakal.
prd056|We only have the standard size left in our current display area.
prd057|Kung gusto niyo po, itong kabilang brand na lang ang kunin ninyo.
prd058|Pareho lang po sila ng features, nagkaiba lang talaga sa brand name.
prd059|The blue one is slightly larger than the black variant you selected.
prd060|May on stock po tayo ngayon, pero tatlong piraso na lang ang natitira.
prd061|Iche-check ko lang saglit kung dumating na yung delivery mula sa supplier.
prd062|Limitado na lang po ang dami ng produkto natin sa ngayon.
prd063|Our records show that we have exactly five pieces remaining in stock.
prd064|Kadalasan po ay next week pa magre-restock ng mga ubos na items.
prd065|Wala na pong large, pero may extra large pa po tayong nakatago.
prd066|Both items perform very well, but they have different target audiences.
prd067|Gusto niyo po bang subukan yung ibang variant na available sa atin?
prd068|Medyo manipis po ang tela nito kumpara doon sa unang tinanong ninyo.
prd069|Please give me a moment to manually inspect the items on the shelf.
prd070|Para po sa produktong ito, kailangan po natin ng pre-order ng dalawang araw.
prd071|Hanggang limang piraso lang po ang pwede nating bilhin per customer.
prd072|The exact measurements are listed right there on the product packaging.
prd073|Available po siya in black, white, tsaka navy blue para sa kulay.
prd074|Standard size po siya, kaya hindi na kailangan pang mag-adjust ng sukat.
prd075|We suggest taking the upgraded model if you need higher capacity.
prd076|Yung battery life po nito ay umaabot ng walong oras na tuloy-tuloy.
prd077|Iche-check ko muna kung may naitabi pa kami galing sa last shipment.
prd078|Our stock is quite low right now, so it might sell out fast.
prd079|Kung o-order po kayo ngayon, iseseparate ko na po yung item ninyo.
prd080|Mas mabilis po uminit yung bagong labas na model kumpara doon sa luma.
prd081|We restock our shelves every Monday morning, around nine o'clock.
prd082|Hindi po siya pwede sa labas, pang-indoor use lang po talaga siya.
prd083|Dalawang taon po ang warranty niyan mula nang bilhin niyo sa amin.
prd084|Please note that the actual color might be slightly darker in person.
prd085|Pagkatapos po nito maubos, phase out na po ang buong product line.
prd086|Susubukan ko pong hanapin sa system kung may paparating na bagong stocks.
prd087|The alternative option is just as good, but slightly more expensive.
prd088|May kasama na po itong freebie kapag binili niyo ang buong set.
prd089|Iba po kasi ang amoy nung original doon sa bagong formulation nila.
prd090|We are currently verifying if the distributor can send us more inventory.
prd091|Bale apat na piraso na lang po ang kasya sa isang pouch.
prd092|Magkaiba po ang material na ginamit dito kaya mas mahal siya nang kaunti.
prd093|I will have to call the warehouse to confirm if they have more.
prd094|Kung wala pong medium, baka gusto niyo po i-try yung freesize namin?
prd095|Original po itong item namin at galing mismo sa official na supplier.
prd096|The maximum weight limit for this particular model is fifty kilograms.
prd097|Tingnan ko po sa kabilang branch natin kung meron silang stock niyan.
prd098|Pare-pareho lang po ang presyo nila, kahit ano pa pong kulay ang piliin.
prd099|You can mix and match the colors for the bundle package if you want.
prd100|Pwede pong ma-delay ang restock kasi naipit sa customs ang mga produkto.
