Option,Tier,Price (PHP),Conversations,Est replies per conv,VAT 12% (inclusive),Net of VAT,QR Ph fee 1.34%,Card fee 3.125% + 13.39,AI cost @ P0.19/reply,AI cost WITH caching (est 10%),Profit (QR Ph no cache),Tithe 10%,Net to you (QR Ph no cache),Profit (QR Ph WITH caching),Tithe 10% cached,Net to you (QR Ph cached),Net to you (Card no cache)
A - Widened gaps,Starter,1499,100,10,160.61,1338.39,20.09,60.23,190.00,19.00,1128.3,112.83,1015.47,1299.3,129.93,1169.37,979.34
A - Widened gaps,Essential,2999,300,10,321.32,2677.68,40.19,107.11,570.00,57.00,2067.49,206.75,1860.74,2580.49,258.05,2322.44,1800.50
A - Widened gaps,Professional,4499,600,10,482.04,4016.96,60.29,153.98,1140.00,114.00,2816.67,281.67,2535.00,3842.67,384.27,3458.40,2722.98
A - Widened gaps,Enterprise,6999,1200,10,749.89,6249.11,93.79,232.09,2280.00,228.00,3875.32,387.53,3487.79,5927.32,592.73,5334.59,3737.02
B - Hold prices,Starter,1499,100,10,160.61,1338.39,20.09,60.23,190.00,19.00,1128.3,112.83,1015.47,1299.3,129.93,1169.37,979.34
B - Hold prices,Essential,2999,300,10,321.32,2677.68,40.19,107.11,570.00,57.00,2067.49,206.75,1860.74,2580.49,258.05,2322.44,1800.50
B - Hold prices,Professional,3999,500,10,428.46,3570.54,53.59,138.36,950.00,95.00,2566.95,256.70,2310.26,3421.95,342.20,3079.76,2482.18
B - Hold prices,Enterprise,4999,800,10,535.61,4463.39,66.99,169.61,1520.00,152.00,2876.40,287.64,2588.76,4244.40,424.44,3819.96,2773.78
CURRENT - do not use,Enterprise 1000,4999,1000,10,535.61,4463.39,66.99,169.61,1900.00,190.00,2496.40,249.64,2246.76,4084.40,408.44,3675.96,2393.78
